split,trajectory,model,constraint_enabled,rmse_x_m,rmse_y_m,rmse_2d_m,mae_x_m,mae_y_m,mae_2d_m,median_error_m,p90_error_m,p95_error_m,max_error_m,pct_below_5cm,pct_below_10cm,pct_below_20cm,pct_below_50cm,n_samples
train,all,Raw trilateration,False,0.22131189182332206,0.14725282419747282,0.26582390354621915,0.17110760985386678,0.11052231113181597,0.22774011074163633,0.20526040819015334,0.37921916385552024,0.46508343781865785,1.024949341462949,3.768306730294553,14.110580878723052,48.1981240743788,95.93549448741156,12154
train,all,EKF only,False,0.1384524384808943,0.1304897077398824,0.19025414988206105,0.09782966162596121,0.09201567171405903,0.15708675706173247,0.1384042603756325,0.2576485165945998,0.3100196731336658,0.9934480928800262,7.956228402172124,31.35593220338983,74.5022214908672,98.0911634029949,12154
train,all,EKF + LSTM residual,False,0.07523724077767949,0.08309359730480345,0.11209455077251239,0.04492104485818332,0.043551137496773015,0.07561502015067961,0.05584852879418384,0.1373372054906433,0.18617135833113038,0.87148893496603,44.18298502550601,78.65723218693435,95.91903899950634,99.02912621359224,12154
train,all,EKF + LSTM + trajectory constraint,False,0.07523724077767949,0.08309359730480345,0.11209455077251239,0.04492104485818332,0.043551137496773015,0.07561502015067961,0.05584852879418384,0.1373372054906433,0.18617135833113038,0.87148893496603,44.18298502550601,78.65723218693435,95.91903899950634,99.02912621359224,12154
train,10lup_trilat_gt,Raw trilateration,False,0.2381638642881648,0.1654019499086995,0.28996522427055166,0.1806673500246702,0.11961263454400717,0.24262199189738917,0.21540344705823838,0.41362137135755167,0.547192141606089,1.024949341462949,3.993085566119274,14.831460674157304,45.09939498703544,93.552290406223,5785
train,10lup_trilat_gt,EKF only,False,0.1515441923244331,0.1533456922399402,0.21559346825869108,0.10489555697437786,0.10163931813253693,0.17305268540560634,0.15183280747033046,0.28167459885395746,0.34327676138239255,0.9934480928800262,6.65514261019879,26.37856525496975,70.4580812445981,96.36992221261885,5785
train,10lup_trilat_gt,EKF + LSTM residual,False,0.09332090395936073,0.10659346905001589,0.1416720112086679,0.05351150158739296,0.052697846446569996,0.09183233787810477,0.06392674695235485,0.16639575376433724,0.25436374473705753,0.87148893496603,38.42696629213483,71.89282627484874,93.74243733794295,97.96024200518583,5785
train,10lup_trilat_gt,EKF + LSTM + trajectory constraint,False,0.09332090395936073,0.10659346905001589,0.1416720112086679,0.05351150158739296,0.052697846446569996,0.09183233787810477,0.06392674695235485,0.16639575376433724,0.25436374473705753,0.87148893496603,38.42696629213483,71.89282627484874,93.74243733794295,97.96024200518583,5785
train,10lup1_trilat_gt,Raw trilateration,False,0.20480692151336985,0.1285663006889104,0.24181639475563885,0.1624244418701805,0.10226551713911283,0.21422281093224244,0.1975111834988113,0.3553728344889607,0.41300685790968034,0.9534420859511171,3.5641387972994187,13.455801538703094,51.01271785209609,98.10017271157167,6369
train,10lup1_trilat_gt,EKF only,False,0.125381960209562,0.10552287514785859,0.16387712813404665,0.0914116674996321,0.0832744573113436,0.14258481084265406,0.12609748172760576,0.24061395988375245,0.294189382022682,0.5784345368617001,9.138012246820537,35.87690375255142,78.17553776102999,99.65457685664938,6369
train,10lup1_trilat_gt,EKF + LSTM residual,False,0.05377723560836884,0.05343839433122794,0.07581327758630298,0.037118282701097786,0.03524312819004111,0.060884735482261546,0.050532032886507525,0.11831204614178488,0.15572302952414352,0.2840371881330444,49.411210551106926,84.80138169257341,97.8960590359554,100.0,6369
train,10lup1_trilat_gt,EKF + LSTM + trajectory constraint,False,0.05377723560836884,0.05343839433122794,0.07581327758630298,0.037118282701097786,0.03524312819004111,0.060884735482261546,0.050532032886507525,0.11831204614178488,0.15572302952414352,0.2840371881330444,49.411210551106926,84.80138169257341,97.8960590359554,100.0,6369
val,all,Raw trilateration,False,0.1760715116611192,0.16393196760967776,0.24057195851348112,0.1216329671938443,0.1278417768190035,0.20657743913866794,0.2050174087329563,0.35520578901994593,0.43408158535675795,0.6412854229947721,13.339685564554548,22.820390662220106,47.87994282991901,97.9514054311577,2099
val,all,EKF only,False,0.11891801081467453,0.1376081374175967,0.1818721880323081,0.08020617073088486,0.10389883298180265,0.1590098392133893,0.16235702582440514,0.2805049523366019,0.30117922750900594,0.3553162559590305,16.102906145783706,29.06145783706527,65.17389232968081,100.0,2099
val,all,EKF + LSTM residual,False,0.09313413424626772,0.07673804484556776,0.12067598969356823,0.06400754970984779,0.05542571401370605,0.10210830062148503,0.08905111299640825,0.19763826382797656,0.2143333101982734,0.2757840839831765,26.25059552167699,54.64506908051453,90.75750357313007,100.0,2099
val,all,EKF + LSTM + trajectory constraint,False,0.09313413424626772,0.07673804484556776,0.12067598969356823,0.06400754970984779,0.05542571401370605,0.10210830062148503,0.08905111299640825,0.19763826382797656,0.2143333101982734,0.2757840839831765,26.25059552167699,54.64506908051453,90.75750357313007,100.0,2099
val,10lup_trilat_gt,Raw trilateration,False,0.1953497099965413,0.17020246763214184,0.2590953283712446,0.12658805730162248,0.12741407686948863,0.21093607142766996,0.19070753244116206,0.43388473967295077,0.48793517533730885,0.6412854229947721,17.835671342685373,31.162324649298593,52.00400801603207,95.69138276553106,998
val,10lup_trilat_gt,EKF only,False,0.13300661005479636,0.14985827682975694,0.20037031080639847,0.08696003120185326,0.10942921807033477,0.17172861961078573,0.1787280243621093,0.3012526156523007,0.3188920458940764,0.3553162559590305,19.639278557114228,31.96392785571142,54.30861723446894,100.0,998
val,10lup_trilat_gt,EKF + LSTM residual,False,0.11321874537335358,0.09286283141562814,0.14643083610511703,0.08094871317629762,0.07159611827254773,0.1330461559952257,0.13455262873009732,0.2104264437717459,0.22857445620438496,0.27065238877139985,10.220440881763528,30.460921843687377,84.06813627254509,100.0,998
val,10lup_trilat_gt,EKF + LSTM + trajectory constraint,False,0.11321874537335358,0.09286283141562814,0.14643083610511703,0.08094871317629762,0.07159611827254773,0.1330461559952257,0.13455262873009732,0.2104264437717459,0.22857445620438496,0.27065238877139985,10.220440881763528,30.460921843687377,84.06813627254509,100.0,998
val,10lup1_trilat_gt,Raw trilateration,False,0.15655894649631155,0.15803324904271773,0.2224527175177516,0.11714143229142594,0.12822946487496706,0.20262656264055345,0.21187868358783682,0.3120694664931908,0.35183947409534355,0.4863699214687345,9.264305177111716,15.258855585831062,44.141689373297005,100.0,1101
val,10lup1_trilat_gt,EKF only,False,0.104519216850868,0.1254748466307039,0.16330402269422953,0.07408414280170551,0.0988858227017345,0.14748091747260667,0.1517091210603942,0.2359712297579925,0.25175032849787043,0.3130026166059647,12.897366030881017,26.430517711171664,75.02270663033606,100.0,1101
val,10lup1_trilat_gt,EKF + LSTM residual,False,0.07012256894401057,0.058393421479600076,0.09125221283564434,0.04865125439693505,0.04076807236945175,0.0740647223626356,0.05976605565818602,0.15761717695475497,0.18901331909975555,0.2757840839831765,40.781108083560405,76.566757493188,96.82107175295187,100.0,1101
val,10lup1_trilat_gt,EKF + LSTM + trajectory constraint,False,0.07012256894401057,0.058393421479600076,0.09125221283564434,0.04865125439693505,0.04076807236945175,0.0740647223626356,0.05976605565818602,0.15761717695475497,0.18901331909975555,0.2757840839831765,40.781108083560405,76.566757493188,96.82107175295187,100.0,1101
test,all,Raw trilateration,False,0.20697894497872224,0.13931088471805456,0.24949510268827324,0.15785594806848724,0.10831291641774925,0.21925334617212408,0.21161435682303537,0.36114578265031316,0.42642426160928354,0.9648634945653706,4.971343134811861,16.34687266384251,45.82606528781461,97.8320458509843,8026
test,all,EKF only,False,0.1294662332403422,0.1123159585873895,0.1713953911365381,0.09424195017995075,0.08908919406743239,0.15197735783320634,0.14900576837902166,0.2550378606725753,0.2927749709882454,0.4193582804887563,10.05482182905557,30.363817592823324,72.2651383005233,100.0,8026
test,all,EKF + LSTM residual,False,0.09010178628888767,0.06737912068526189,0.11250901206911147,0.06304404158660876,0.047531139616430865,0.09501919589801089,0.08529105762040248,0.18167099637366488,0.20907513842932934,0.35129400468725225,25.64166459008223,59.04560179416896,93.64565163219537,100.0,8026
test,all,EKF + LSTM + trajectory constraint,False,0.09010178628888767,0.06737912068526189,0.11250901206911147,0.06304404158660876,0.047531139616430865,0.09501919589801089,0.08529105762040248,0.18167099637366488,0.20907513842932934,0.35129400468725225,25.64166459008223,59.04560179416896,93.64565163219537,100.0,8026
test,10lup2_trilat_gt,Raw trilateration,False,0.20697894497872224,0.13931088471805456,0.24949510268827324,0.15785594806848724,0.10831291641774925,0.21925334617212408,0.21161435682303537,0.36114578265031316,0.42642426160928354,0.9648634945653706,4.971343134811861,16.34687266384251,45.82606528781461,97.8320458509843,8026
test,10lup2_trilat_gt,EKF only,False,0.1294662332403422,0.1123159585873895,0.1713953911365381,0.09424195017995075,0.08908919406743239,0.15197735783320634,0.14900576837902166,0.2550378606725753,0.2927749709882454,0.4193582804887563,10.05482182905557,30.363817592823324,72.2651383005233,100.0,8026
test,10lup2_trilat_gt,EKF + LSTM residual,False,0.09010178628888767,0.06737912068526189,0.11250901206911147,0.06304404158660876,0.047531139616430865,0.09501919589801089,0.08529105762040248,0.18167099637366488,0.20907513842932934,0.35129400468725225,25.64166459008223,59.04560179416896,93.64565163219537,100.0,8026
test,10lup2_trilat_gt,EKF + LSTM + trajectory constraint,False,0.09010178628888767,0.06737912068526189,0.11250901206911147,0.06304404158660876,0.047531139616430865,0.09501919589801089,0.08529105762040248,0.18167099637366488,0.20907513842932934,0.35129400468725225,25.64166459008223,59.04560179416896,93.64565163219537,100.0,8026
