split,trajectory,gt_segment,model,constraint_enabled,rmse_x_m,rmse_y_m,rmse_2d_m,mae_x_m,mae_y_m,mae_2d_m,median_error_m,p90_error_m,p95_error_m,max_error_m,pct_below_5cm,pct_below_10cm,pct_below_20cm,pct_below_50cm,n_samples
train,10lup_trilat_gt,P1_to_P1,Raw trilateration,False,0.055829760363567175,0.021243602801390267,0.0597348541660275,0.053958791208791074,0.021215354753941207,0.05829634523446088,0.04820311182169002,0.07511840092241232,0.07511840092241232,0.07511840092241232,62.5,100.0,100.0,100.0,8
train,10lup_trilat_gt,P1_to_P1,EKF only,False,0.0840399412222148,0.05674839526473968,0.10140558212325615,0.08399307825871366,0.05672080568411059,0.10135400325818925,0.10047014940165848,0.10579279040604457,0.10696627456550636,0.10813975872496817,0.0,37.5,100.0,100.0,8
train,10lup_trilat_gt,P1_to_P1,EKF + LSTM residual,False,0.19077328007937597,0.02022793186480569,0.19184267934891663,0.1907045208410229,0.019798566916963523,0.19178578623324055,0.19277275118491516,0.19721428768118449,0.1974663766595946,0.19771846563800471,0.0,0.0,100.0,100.0,8
train,10lup_trilat_gt,P1_to_P1,EKF + LSTM + trajectory constraint,False,0.19077328007937597,0.02022793186480569,0.19184267934891663,0.1907045208410229,0.019798566916963523,0.19178578623324055,0.19277275118491516,0.19721428768118449,0.1974663766595946,0.19771846563800471,0.0,0.0,100.0,100.0,8
train,10lup_trilat_gt,P1_to_P2,Raw trilateration,False,0.15139906370081177,0.05978715291682585,0.16277647294183017,0.12742791978627807,0.045803134660210035,0.14373499572124374,0.1348350236830265,0.25313947462876807,0.286821065691191,0.3808132843268453,9.622501850481125,32.346410066617324,78.01628423390082,100.0,1351
train,10lup_trilat_gt,P1_to_P2,EKF only,False,0.16705305079390334,0.07654174333321792,0.18375353126413288,0.14560986897090294,0.0641321314611897,0.17028020363075472,0.16885693088628353,0.25722587900353827,0.29114032314146865,0.371070662801785,1.4803849000740192,18.134715025906736,64.84085862324204,100.0,1351
train,10lup_trilat_gt,P1_to_P2,EKF + LSTM residual,False,0.09298150406319121,0.026889791317318213,0.09679163690599599,0.0702589996683505,0.019456800419981754,0.07673251838435356,0.059078215721193136,0.1580364443386979,0.19934577273631904,0.27712126860470276,40.34048852701703,72.83493708364175,95.11472982975575,100.0,1351
train,10lup_trilat_gt,P1_to_P2,EKF + LSTM + trajectory constraint,False,0.09298150406319121,0.026889791317318213,0.09679163690599599,0.0702589996683505,0.019456800419981754,0.07673251838435356,0.059078215721193136,0.1580364443386979,0.19934577273631904,0.27712126860470276,40.34048852701703,72.83493708364175,95.11472982975575,100.0,1351
train,10lup_trilat_gt,P2_to_P3,Raw trilateration,False,0.23117074262325701,0.19788402156124146,0.3042991919710567,0.20884716098565387,0.13068399173173476,0.26812005353160345,0.24095124541671514,0.4016965972572284,0.5536869813930453,0.9696756788604449,1.6293279022403258,4.344874405974202,30.278343516632724,93.14324507807196,1473
train,10lup_trilat_gt,P2_to_P3,EKF only,False,0.07975027386835741,0.21889970147702606,0.23297464559219558,0.06311359005680174,0.1556218458458678,0.18123947598983253,0.15841886962700025,0.24760807492656803,0.4455537402013425,0.9815982128363278,4.820095044127631,24.983027834351663,72.09775967413442,95.17990495587237,1473
train,10lup_trilat_gt,P2_to_P3,EKF + LSTM residual,False,0.03313966545397475,0.15631990235447382,0.15979408405355183,0.0263120531732738,0.08769820484000425,0.0974044862916036,0.06458334106673225,0.15252852992346436,0.2748891699811631,0.8569867171705791,36.59198913781398,72.84453496266123,93.55057705363204,96.8092328581127,1473
train,10lup_trilat_gt,P2_to_P3,EKF + LSTM + trajectory constraint,False,0.03313966545397475,0.15631990235447382,0.15979408405355183,0.0263120531732738,0.08769820484000425,0.0974044862916036,0.06458334106673225,0.15252852992346436,0.2748891699811631,0.8569867171705791,36.59198913781398,72.84453496266123,93.55057705363204,96.8092328581127,1473
train,10lup_trilat_gt,P3_to_P4,Raw trilateration,False,0.3638768655879732,0.16198161379514278,0.39830191628688744,0.3158013268420148,0.12412353554768063,0.3476709201080949,0.32084271721330326,0.6184937555023856,0.7821241628801285,1.024949341462949,0.5552128315854411,5.305367057371992,21.838371375694017,83.22023442319556,1621
train,10lup_trilat_gt,P3_to_P4,EKF only,False,0.22691438589630872,0.13918192209252442,0.2661986963981388,0.17479521221349228,0.07208798775444847,0.20666213206761644,0.15967202717172016,0.4117529891444977,0.614183763944882,0.9934480928800262,5.552128315854411,25.169648365206665,63.10919185687847,91.42504626773596,1621
train,10lup_trilat_gt,P3_to_P4,EKF + LSTM residual,False,0.1484317258712313,0.10803710657451876,0.18358647456200658,0.09276682742853953,0.03494617460434458,0.11190781139446791,0.06319405426995028,0.3112080416729131,0.4868130323874354,0.87148893496603,39.1116594694633,73.53485502776064,87.72362739049969,95.61998766193707,1621
train,10lup_trilat_gt,P3_to_P4,EKF + LSTM + trajectory constraint,False,0.1484317258712313,0.10803710657451876,0.18358647456200658,0.09276682742853953,0.03494617460434458,0.11190781139446791,0.06319405426995028,0.3112080416729131,0.4868130323874354,0.87148893496603,39.1116594694633,73.53485502776064,87.72362739049969,95.61998766193707,1621
train,10lup_trilat_gt,P4_to_P1,Raw trilateration,False,0.05339157408900204,0.19988812309302445,0.2068959205430438,0.039810819060819076,0.17733300460170467,0.18798834294132621,0.18692928722433966,0.3066646298274744,0.3232156581718656,0.41470575307373314,4.72972972972973,19.744744744744743,56.08108108108109,100.0,1332
train,10lup_trilat_gt,P4_to_P1,EKF only,False,0.04122565264544531,0.14000666836220405,0.14595006550847142,0.02486528704149871,0.11621739659629261,0.12634034063482585,0.1174823004831031,0.23060234313294115,0.27701341384372136,0.3108324400509223,15.315315315315313,37.687687687687685,83.1081081081081,100.0,1332
train,10lup_trilat_gt,P4_to_P1,EKF + LSTM residual,False,0.02844190266851749,0.08593058190412099,0.09051522929201619,0.018007365149026754,0.0695084917625432,0.07595404310791584,0.07054498925860919,0.1443361262989491,0.1707497061525504,0.20902495432358092,37.91291291291291,68.31831831831832,99.84984984984985,100.0,1332
train,10lup_trilat_gt,P4_to_P1,EKF + LSTM + trajectory constraint,False,0.02844190266851749,0.08593058190412099,0.09051522929201619,0.018007365149026754,0.0695084917625432,0.07595404310791584,0.07054498925860919,0.1443361262989491,0.1707497061525504,0.20902495432358092,37.91291291291291,68.31831831831832,99.84984984984985,100.0,1332
train,10lup1_trilat_gt,P1_to_P2,Raw trilateration,False,0.1577389195838251,0.06109217480079581,0.16915620169938622,0.13226934836118995,0.04621085843057545,0.1490240305122366,0.13402834072236028,0.26752385669235934,0.3090881321366167,0.42325890847350184,6.978275181040158,30.414746543778804,75.37853851217906,100.0,1519
train,10lup1_trilat_gt,P1_to_P2,EKF only,False,0.16717538811978624,0.07744021283908638,0.18424059530289238,0.13900194504331956,0.06731537311451416,0.16729772109456145,0.16830847721009062,0.26563132018391966,0.32709429336998697,0.3971112165272647,1.4483212639894667,23.173140223831467,70.24358130348914,100.0,1519
train,10lup1_trilat_gt,P1_to_P2,EKF + LSTM residual,False,0.0802907939195782,0.027152404705167655,0.0847576820678184,0.058954407428578416,0.018036941253076023,0.06568221872703082,0.04885165363660321,0.13991336780488142,0.19270272177532774,0.2840371881330444,51.74456879526004,80.3818301514154,95.52337063857802,100.0,1519
train,10lup1_trilat_gt,P1_to_P2,EKF + LSTM + trajectory constraint,False,0.0802907939195782,0.027152404705167655,0.0847576820678184,0.058954407428578416,0.018036941253076023,0.06568221872703082,0.04885165363660321,0.13991336780488142,0.19270272177532774,0.2840371881330444,51.74456879526004,80.3818301514154,95.52337063857802,100.0,1519
train,10lup1_trilat_gt,P2_to_P3,Raw trilateration,False,0.2579464410242213,0.11318675224660603,0.28168707340095794,0.2216639018875861,0.08966032557966329,0.2534543874668391,0.22099576111680277,0.40239785188503274,0.4813957787110167,0.9534420859511171,0.9569377990430622,3.7081339712918657,39.354066985645936,95.27511961722487,1672
train,10lup1_trilat_gt,P2_to_P3,EKF only,False,0.12924779879616508,0.13567398960655144,0.18738309675478362,0.09125904576823692,0.11129200868250462,0.16259405429461754,0.1538891489176483,0.2857470018385083,0.32929659896746705,0.5784345368617001,8.911483253588516,26.674641148325357,70.45454545454545,98.68421052631578,1672
train,10lup1_trilat_gt,P2_to_P3,EKF + LSTM residual,False,0.04134892144807105,0.07102726393376048,0.0821864071902089,0.028374704208860548,0.052456191930763355,0.06618001514932653,0.05577870679450907,0.13103555448470133,0.17993049645256098,0.24771870077425753,44.13875598086124,82.71531100478468,97.188995215311,100.0,1672
train,10lup1_trilat_gt,P2_to_P3,EKF + LSTM + trajectory constraint,False,0.04134892144807105,0.07102726393376048,0.0821864071902089,0.028374704208860548,0.052456191930763355,0.06618001514932653,0.05577870679450907,0.13103555448470133,0.17993049645256098,0.24771870077425753,44.13875598086124,82.71531100478468,97.188995215311,100.0,1672
train,10lup1_trilat_gt,P3_to_P4,Raw trilateration,False,0.25913899053814393,0.1206420454890655,0.28584527205625426,0.23953945248224376,0.10687927516440954,0.26521222450550824,0.26012133586626907,0.4136640411138121,0.4546699261549129,0.5902963978449546,1.4654161781946073,5.216881594372802,27.37397420867526,97.53810082063306,1706
train,10lup1_trilat_gt,P3_to_P4,EKF only,False,0.12747987557975451,0.05823910052720426,0.14015317159467885,0.10806916323696224,0.05067419446836408,0.12595761507751582,0.11254273096624831,0.2183409931713018,0.24366748101981184,0.32548349572994345,6.565064478311841,40.79718640093787,86.98710433763188,100.0,1706
train,10lup1_trilat_gt,P3_to_P4,EKF + LSTM residual,False,0.054808911341059245,0.020335597207581057,0.05845984327879327,0.045048689838116364,0.014713455737410609,0.050005688481359334,0.04616727015803157,0.0942970706764967,0.10827473392008166,0.14587940781641523,54.22039859320047,92.37983587338803,100.0,100.0,1706
train,10lup1_trilat_gt,P3_to_P4,EKF + LSTM + trajectory constraint,False,0.054808911341059245,0.020335597207581057,0.05845984327879327,0.045048689838116364,0.014713455737410609,0.050005688481359334,0.04616727015803157,0.0942970706764967,0.10827473392008166,0.14587940781641523,54.22039859320047,92.37983587338803,100.0,100.0,1706
train,10lup1_trilat_gt,P4_to_P1,Raw trilateration,False,0.04908350197571746,0.19038612212376524,0.19661145862722626,0.03688028547539419,0.16908062289625397,0.17784632447582374,0.1658311560453104,0.30445237067924075,0.3305852829295454,0.4188271457450106,5.434782608695652,16.57608695652174,66.50815217391305,100.0,1472
train,10lup1_trilat_gt,P4_to_P1,EKF only,False,0.03701821459056617,0.13096179538037236,0.1360931301011323,0.023169727430437968,0.10570146234702686,0.11362532052403701,0.09489932641430664,0.21527724103004942,0.2736038490627816,0.3435589266242991,20.3125,53.73641304347826,84.91847826086956,100.0,1472
train,10lup1_trilat_gt,P4_to_P1,EKF + LSTM residual,False,0.020902878380289057,0.0733852630034942,0.07630417518506553,0.015325426180869463,0.057240123154001725,0.06252778543565964,0.0521055852237058,0.11957448159291932,0.15493505546007288,0.21935483057511293,47.41847826086957,82.94836956521739,98.70923913043478,100.0,1472
train,10lup1_trilat_gt,P4_to_P1,EKF + LSTM + trajectory constraint,False,0.020902878380289057,0.0733852630034942,0.07630417518506553,0.015325426180869463,0.057240123154001725,0.06252778543565964,0.0521055852237058,0.11957448159291932,0.15493505546007288,0.21935483057511293,47.41847826086957,82.94836956521739,98.70923913043478,100.0,1472
val,10lup_trilat_gt,P3_to_P4,Raw trilateration,False,0.43040269049518565,0.1408914224298153,0.4528762180770715,0.4201138202857579,0.12908269574175824,0.4416644183153446,0.4542978275165882,0.5561247405665086,0.605920402995247,0.6412854229947721,0.0,0.0,0.625,73.125,160
val,10lup_trilat_gt,P3_to_P4,EKF only,False,0.275191797272791,0.05554701890906907,0.2807418682632025,0.2654006358780276,0.04671614732636918,0.27416624208311335,0.29277205212126606,0.3298175202841953,0.33751173572270293,0.3553162559590305,0.0,3.125,11.25,100.0,160
val,10lup_trilat_gt,P3_to_P4,EKF + LSTM residual,False,0.18437946159456314,0.03253453858274537,0.18722788803672685,0.18064455979455296,0.025394025970238487,0.1842578585023909,0.19631391569890333,0.21880630979372126,0.22262404504999053,0.23284369709551717,0.0,3.75,56.875,100.0,160
val,10lup_trilat_gt,P3_to_P4,EKF + LSTM + trajectory constraint,False,0.18437946159456314,0.03253453858274537,0.18722788803672685,0.18064455979455296,0.025394025970238487,0.1842578585023909,0.19631391569890333,0.21880630979372126,0.22262404504999053,0.23284369709551717,0.0,3.75,56.875,100.0,160
val,10lup_trilat_gt,P4_to_P1,Raw trilateration,False,0.051126049708496546,0.23322790392985643,0.23876584372625412,0.03258152192634957,0.1937004607099286,0.20302743240872237,0.20274710388079814,0.3544336023995569,0.3794653114023805,0.4338224136096357,8.77742946708464,38.24451410658307,49.21630094043887,100.0,319
val,10lup_trilat_gt,P4_to_P1,EKF only,False,0.04443009678411703,0.1771115677640675,0.18259940015260698,0.027893229840835327,0.13825677132988626,0.14794659579947134,0.1046279031652922,0.2835422838636472,0.2948684859688428,0.3319466825047248,27.27272727272727,46.08150470219436,56.42633228840125,100.0,319
val,10lup_trilat_gt,P4_to_P1,EKF + LSTM residual,False,0.03212487092663544,0.12274045754715736,0.1268748487720814,0.023557587811125668,0.11255375732891745,0.11899091142085558,0.12322538377698299,0.1694118826651947,0.17473752639628518,0.22299037784667788,7.210031347962382,31.661442006269592,99.05956112852664,100.0,319
val,10lup_trilat_gt,P4_to_P1,EKF + LSTM + trajectory constraint,False,0.03212487092663544,0.12274045754715736,0.1268748487720814,0.023557587811125668,0.11255375732891745,0.11899091142085558,0.12322538377698299,0.1694118826651947,0.17473752639628518,0.22299037784667788,7.210031347962382,31.661442006269592,99.05956112852664,100.0,319
val,10lup_trilat_gt,P1_to_P2,Raw trilateration,False,0.1370193231485713,0.04705947576403419,0.14487542640240383,0.12863245827007003,0.03961084430114773,0.1396792950219354,0.1419321481450787,0.18690823411431975,0.19834343128212953,0.22178035096101464,1.4388489208633095,15.827338129496402,95.68345323741008,100.0,139
val,10lup_trilat_gt,P1_to_P2,EKF only,False,0.17000807886888514,0.06352075784617228,0.1814872820834593,0.1590920348012671,0.055862837567463804,0.17429329963756862,0.17279149137769492,0.2367969622767074,0.2393404865412491,0.2548363943094464,2.877697841726619,8.633093525179856,61.15107913669065,100.0,139
val,10lup_trilat_gt,P1_to_P2,EKF + LSTM residual,False,0.0474578456115066,0.02022597791307023,0.05158815069980316,0.03865169643559895,0.016181598174310106,0.044536926182499666,0.04406067359521539,0.07311071007420575,0.08076132327584845,0.12342883920438395,54.67625899280576,96.40287769784173,100.0,100.0,139
val,10lup_trilat_gt,P1_to_P2,EKF + LSTM + trajectory constraint,False,0.0474578456115066,0.02022597791307023,0.05158815069980316,0.03865169643559895,0.016181598174310106,0.044536926182499666,0.04406067359521539,0.07311071007420575,0.08076132327584845,0.12342883920438395,54.67625899280576,96.40287769784173,100.0,100.0,139
val,10lup_trilat_gt,P2_to_P3,Raw trilateration,False,0.16518411253117948,0.1776568460694082,0.24258554365015814,0.15006077721161518,0.1504550942920885,0.23293263987436993,0.2367329452335381,0.3040889668527209,0.32374423083535514,0.4871510913945916,0.0,3.35195530726257,29.05027932960894,100.0,179
val,10lup_trilat_gt,P2_to_P3,EKF only,False,0.055656295949359454,0.22519651807224883,0.2319721858987999,0.03377262794291172,0.2113739026806249,0.22320171014135226,0.2287103708646846,0.30980430612122983,0.32904580404796663,0.34760552819914275,0.0,0.0,44.134078212290504,100.0,179
val,10lup_trilat_gt,P2_to_P3,EKF + LSTM residual,False,0.03903855269657116,0.11400745139717659,0.12050604785952672,0.030055264771565466,0.10833631161920106,0.11671690837673547,0.12024378147746241,0.15484998642797337,0.16237310427526316,0.17404024375244942,1.675977653631285,29.05027932960894,100.0,100.0,179
val,10lup_trilat_gt,P2_to_P3,EKF + LSTM + trajectory constraint,False,0.03903855269657116,0.11400745139717659,0.12050604785952672,0.030055264771565466,0.10833631161920106,0.11671690837673547,0.12024378147746241,0.15484998642797337,0.16237310427526316,0.17404024375244942,1.675977653631285,29.05027932960894,100.0,100.0,179
val,10lup_trilat_gt,P1_to_P1,Raw trilateration,False,0.02424388496668145,0.10984780115333685,0.11249135689687771,0.019812804111311536,0.06108557808187925,0.0695113277135115,0.03127690093869611,0.2320033614396067,0.2864005359142787,0.3666667560758508,73.6318407960199,80.09950248756219,87.56218905472637,100.0,201
val,10lup_trilat_gt,P1_to_P1,EKF only,False,0.04093555704427608,0.10635990142352535,0.1139655582241723,0.03614415841085246,0.05985573634841783,0.08031703887219196,0.04878646575106641,0.20592776880608582,0.28763379480962564,0.3394782736656442,52.23880597014925,77.11442786069652,89.55223880597015,100.0,201
val,10lup_trilat_gt,P1_to_P1,EKF + LSTM residual,False,0.1789751278200436,0.07878562921797692,0.19554864292414176,0.16724546006173618,0.04897408640185929,0.19033704597411283,0.19138862342621993,0.2471684699494511,0.2537993569546463,0.27065238877139985,0.0,5.472636815920398,56.71641791044776,100.0,201
val,10lup_trilat_gt,P1_to_P1,EKF + LSTM + trajectory constraint,False,0.1789751278200436,0.07878562921797692,0.19554864292414176,0.16724546006173618,0.04897408640185929,0.19033704597411283,0.19138862342621993,0.2471684699494511,0.2537993569546463,0.27065238877139985,0.0,5.472636815920398,56.71641791044776,100.0,201
val,10lup1_trilat_gt,P4_to_P1,Raw trilateration,False,0.047328083349457775,0.23098904198200038,0.23578779652326276,0.03284098620925814,0.22755014131811382,0.23303899942961706,0.233067601462538,0.28046712280704117,0.2938827321847728,0.32187538907745133,0.0,0.0,18.413597733711047,100.0,353
val,10lup1_trilat_gt,P4_to_P1,EKF only,False,0.033546725879086144,0.18066418961093958,0.1837523665833561,0.02030362131145976,0.16789267129086435,0.17268040901674706,0.16474245532930226,0.25416568832979264,0.2807810447347367,0.3130026166059647,0.0,15.58073654390935,64.30594900849859,100.0,353
val,10lup1_trilat_gt,P4_to_P1,EKF + LSTM residual,False,0.02331080554538381,0.07856124281103573,0.08194670540777835,0.01703334056163538,0.0631794479537269,0.06734142779335615,0.05702241547334132,0.12977017920616013,0.15916504688121397,0.24199493935399743,45.3257790368272,73.65439093484419,99.71671388101983,100.0,353
val,10lup1_trilat_gt,P4_to_P1,EKF + LSTM + trajectory constraint,False,0.02331080554538381,0.07856124281103573,0.08194670540777835,0.01703334056163538,0.0631794479537269,0.06734142779335615,0.05702241547334132,0.12977017920616013,0.15916504688121397,0.24199493935399743,45.3257790368272,73.65439093484419,99.71671388101983,100.0,353
val,10lup1_trilat_gt,P1_to_P2,Raw trilateration,False,0.16296285357532309,0.07067908956923437,0.17763002377905612,0.1486517006730319,0.04547548072421359,0.16739170162425507,0.1697071146644812,0.24242054967043977,0.256367053666529,0.28282744445063807,3.5175879396984926,12.562814070351758,67.8391959798995,100.0,199
val,10lup1_trilat_gt,P1_to_P2,EKF only,False,0.1844769661499981,0.09017201028432092,0.2053356824290976,0.1771317040260277,0.06899936837751451,0.20271683179669786,0.20384755485202397,0.24355582052838573,0.25175995682497276,0.30782675700115003,0.0,0.0,45.7286432160804,100.0,199
val,10lup1_trilat_gt,P1_to_P2,EKF + LSTM residual,False,0.046208012865377276,0.03793313382616463,0.05978380294729156,0.040859781769358956,0.021859176207271427,0.05131187793143707,0.04485175611848285,0.08046321449323665,0.10656598515732289,0.1841645436980455,58.291457286432156,94.47236180904522,100.0,100.0,199
val,10lup1_trilat_gt,P1_to_P2,EKF + LSTM + trajectory constraint,False,0.046208012865377276,0.03793313382616463,0.05978380294729156,0.040859781769358956,0.021859176207271427,0.05131187793143707,0.04485175611848285,0.08046321449323665,0.10656598515732289,0.1841645436980455,58.291457286432156,94.47236180904522,100.0,100.0,199
val,10lup1_trilat_gt,P2_to_P3,Raw trilateration,False,0.1513034205663558,0.100896485786461,0.18185935752426122,0.1357055055497266,0.08915049000784914,0.17301204178720625,0.16836917324560108,0.242606047070844,0.273115457299194,0.33048652094216174,3.5175879396984926,7.537688442211055,72.8643216080402,100.0,199
val,10lup1_trilat_gt,P2_to_P3,EKF only,False,0.04614426701847886,0.11576500226863126,0.12462274723712713,0.03772757160182783,0.09732132325276224,0.11105958885085902,0.11562535841709169,0.1887413763169,0.19576324284836275,0.21163581316614888,17.587939698492463,42.211055276381906,95.47738693467338,100.0,199
val,10lup1_trilat_gt,P2_to_P3,EKF + LSTM residual,False,0.041428205824678016,0.03446442114371037,0.053889633164672,0.03025818009699495,0.030453809277250846,0.046609913593639196,0.040692377185531134,0.091069738419228,0.09791351520307569,0.10979995785027202,58.79396984924623,95.47738693467338,100.0,100.0,199
val,10lup1_trilat_gt,P2_to_P3,EKF + LSTM + trajectory constraint,False,0.041428205824678016,0.03446442114371037,0.053889633164672,0.03025818009699495,0.030453809277250846,0.046609913593639196,0.040692377185531134,0.091069738419228,0.09791351520307569,0.10979995785027202,58.79396984924623,95.47738693467338,100.0,100.0,199
val,10lup1_trilat_gt,P3_to_P4,Raw trilateration,False,0.28444673254854874,0.14230293522937895,0.31805670725900825,0.27904128307594683,0.1321968054558506,0.3125856646844169,0.31502439421418144,0.3943466973135223,0.4136238374934465,0.4536481053118236,0.0,0.0,2.0100502512562812,100.0,199
val,10lup1_trilat_gt,P3_to_P4,EKF only,False,0.14386963336074293,0.04691679886717946,0.1513263275814819,0.1343459543604868,0.04073112652054793,0.14355480105392057,0.14862523326169252,0.20320557956159993,0.20643720418390454,0.21177589004554578,5.025125628140704,21.105527638190953,88.44221105527639,100.0,199
val,10lup1_trilat_gt,P3_to_P4,EKF + LSTM residual,False,0.0576495270220218,0.02981970255954412,0.06490518181626567,0.051151323763325166,0.02396002463010373,0.062318939879886,0.061183668549232635,0.08684681272303575,0.09161940110691529,0.09779369963625298,28.14070351758794,100.0,100.0,100.0,199
val,10lup1_trilat_gt,P3_to_P4,EKF + LSTM + trajectory constraint,False,0.0576495270220218,0.02981970255954412,0.06490518181626567,0.051151323763325166,0.02396002463010373,0.062318939879886,0.061183668549232635,0.08684681272303575,0.09161940110691529,0.09779369963625298,28.14070351758794,100.0,100.0,100.0,199
val,10lup1_trilat_gt,P1_to_P1,Raw trilateration,False,0.04101613566996236,0.1033402700559119,0.11118243926324678,0.034857943381122275,0.05137555285198528,0.07208070501665424,0.043838151976769574,0.17211226375731473,0.2373184511703165,0.4863699214687345,58.27814569536424,84.76821192052981,90.72847682119205,100.0,151
val,10lup1_trilat_gt,P1_to_P1,EKF only,False,0.04569651137167809,0.08493491544511253,0.0964474520825217,0.032500808834783644,0.05565474183391029,0.06894962010486244,0.037175995892216686,0.17071630605961358,0.2145430091393849,0.29840410627842967,64.23841059602648,72.84768211920529,94.03973509933775,100.0,151
val,10lup1_trilat_gt,P1_to_P1,EKF + LSTM residual,False,0.15851499125957036,0.07615947573179886,0.17586150288725538,0.15377929822822553,0.04903955985622656,0.17142933616304368,0.16563220706870224,0.21952003527419825,0.24301965641652196,0.2757840839831765,0.0,3.9735099337748347,77.48344370860927,100.0,151
val,10lup1_trilat_gt,P1_to_P1,EKF + LSTM + trajectory constraint,False,0.15851499125957036,0.07615947573179886,0.17586150288725538,0.15377929822822553,0.04903955985622656,0.17142933616304368,0.16563220706870224,0.21952003527419825,0.24301965641652196,0.2757840839831765,0.0,3.9735099337748347,77.48344370860927,100.0,151
test,10lup2_trilat_gt,P1_to_P1,Raw trilateration,False,0.03100566977697439,0.0884107602135816,0.09368998921903131,0.026112686130437546,0.047760444931965566,0.06187698532048803,0.034881008312387635,0.1985711600758132,0.23629382313729733,0.3252762778650753,68.04733727810651,82.24852071005917,89.94082840236686,100.0,169
test,10lup2_trilat_gt,P1_to_P1,EKF only,False,0.028622959919106846,0.07277321650556236,0.07819983935467036,0.0237020006106854,0.04529594793502569,0.05619445218546773,0.030564146467556466,0.14724439909479176,0.1913085127924682,0.2149190344497784,71.59763313609467,81.65680473372781,96.44970414201184,100.0,169
test,10lup2_trilat_gt,P1_to_P1,EKF + LSTM residual,False,0.1764048005659005,0.08451969139815278,0.1956073411115598,0.164747343918772,0.051585016712884374,0.18676475229701886,0.19745060024054795,0.242586066444929,0.2685965521666291,0.30542596639083164,2.9585798816568047,11.242603550295858,54.437869822485204,100.0,169
test,10lup2_trilat_gt,P1_to_P1,EKF + LSTM + trajectory constraint,False,0.1764048005659005,0.08451969139815278,0.1956073411115598,0.164747343918772,0.051585016712884374,0.18676475229701886,0.19745060024054795,0.242586066444929,0.2685965521666291,0.30542596639083164,2.9585798816568047,11.242603550295858,54.437869822485204,100.0,169
test,10lup2_trilat_gt,P1_to_P2,Raw trilateration,False,0.18725794222281578,0.06042653973982722,0.1967661140299628,0.1589530069087705,0.043178826102621644,0.17406162569121503,0.1667445862957037,0.30101884130541245,0.3460571080314388,0.6014461603360801,6.33879781420765,25.02732240437158,63.551912568306015,99.89071038251366,1830
test,10lup2_trilat_gt,P1_to_P2,EKF only,False,0.19478411914916108,0.07354822636516031,0.20820709563839424,0.16695836967332958,0.06232406309779082,0.18915143259560288,0.1842033946272052,0.3078991723437011,0.33982495723353967,0.4193582804887563,2.5683060109289615,20.76502732240437,57.43169398907104,100.0,1830
test,10lup2_trilat_gt,P1_to_P2,EKF + LSTM residual,False,0.1093456841912477,0.03572334707038022,0.1150331959790865,0.08416072249776121,0.02340230679311637,0.09274038070803217,0.07916772182946773,0.19887324746366516,0.22332680452938147,0.30181558753721427,33.71584699453552,61.420765027322396,90.49180327868852,100.0,1830
test,10lup2_trilat_gt,P1_to_P2,EKF + LSTM + trajectory constraint,False,0.1093456841912477,0.03572334707038022,0.1150331959790865,0.08416072249776121,0.02340230679311637,0.09274038070803217,0.07916772182946773,0.19887324746366516,0.22332680452938147,0.30181558753721427,33.71584699453552,61.420765027322396,90.49180327868852,100.0,1830
test,10lup2_trilat_gt,P2_to_P3,Raw trilateration,False,0.27567370311507033,0.11808427883166758,0.2998997957591351,0.23926484057814112,0.09336501046410912,0.2695440239425874,0.24691790496651622,0.4247072803192437,0.5100217332463726,0.9648634945653706,0.7881773399014778,3.6945812807881775,30.541871921182267,94.63054187192118,2030
test,10lup2_trilat_gt,P2_to_P3,EKF only,False,0.1119702914244618,0.1292363604408966,0.17099527192787597,0.09215088194523893,0.1075670632649777,0.15809386469210632,0.1544417221147216,0.2482667203012128,0.27272352676105893,0.3379222694397351,3.3497536945812803,20.88669950738916,74.5320197044335,100.0,2030
test,10lup2_trilat_gt,P2_to_P3,EKF + LSTM residual,False,0.05657516664603429,0.09002523232043125,0.10632634638401797,0.04241387152485057,0.07261340865627157,0.09250772211136885,0.08669530727679531,0.1647011976476006,0.1855507449063377,0.34953582328256366,23.79310344827586,58.76847290640394,97.24137931034483,100.0,2030
test,10lup2_trilat_gt,P2_to_P3,EKF + LSTM + trajectory constraint,False,0.05657516664603429,0.09002523232043125,0.10632634638401797,0.04241387152485057,0.07261340865627157,0.09250772211136885,0.08669530727679531,0.1647011976476006,0.1855507449063377,0.34953582328256366,23.79310344827586,58.76847290640394,97.24137931034483,100.0,2030
test,10lup2_trilat_gt,P3_to_P4,Raw trilateration,False,0.23877594198601343,0.10868862498904597,0.2623493237523541,0.1973888229375856,0.09509585372448694,0.22645130421229143,0.21102706824899686,0.4180254854143719,0.463658943756019,0.652942037202423,4.554079696394687,20.825426944971536,47.485768500948765,97.01138519924099,2108
test,10lup2_trilat_gt,P3_to_P4,EKF only,False,0.13230752073193397,0.06393635260787418,0.1469460350844131,0.1035487262033909,0.05436280301032445,0.1280044521774194,0.11230828218295741,0.22525178667411974,0.26359675572549807,0.37635334833309325,12.381404174573055,41.745730550284634,82.06831119544592,100.0,2108
test,10lup2_trilat_gt,P3_to_P4,EKF + LSTM residual,False,0.12047653051407414,0.030613101352203846,0.12430509393869965,0.0988898525360956,0.01831004255108764,0.10510263741041208,0.09615160548651389,0.19554159266025475,0.2559601227366213,0.35129400468725225,22.058823529411764,52.656546489563574,90.84440227703985,100.0,2108
test,10lup2_trilat_gt,P3_to_P4,EKF + LSTM + trajectory constraint,False,0.12047653051407414,0.030613101352203846,0.12430509393869965,0.0988898525360956,0.01831004255108764,0.10510263741041208,0.09615160548651389,0.19554159266025475,0.2559601227366213,0.35129400468725225,22.058823529411764,52.656546489563574,90.84440227703985,100.0,2108
test,10lup2_trilat_gt,P4_to_P1,Raw trilateration,False,0.05168647191366563,0.22372918640362754,0.22962195066611393,0.036978045247500015,0.20764302240031532,0.21503634354707205,0.22374120989941515,0.3117343299190411,0.32790773382933525,0.434094179428838,2.9645314981471675,10.640550555849657,39.280042350449975,100.0,1889
test,10lup2_trilat_gt,P4_to_P1,EKF only,False,0.03714024257563641,0.15929060615415033,0.16356312184454586,0.02196899542260596,0.13783160071019965,0.14471273657228217,0.1542251985029145,0.2373630035603579,0.257847891787219,0.31998123615689916,16.41079936474325,32.55690841715193,71.09581789306512,100.0,1889
test,10lup2_trilat_gt,P4_to_P1,EKF + LSTM residual,False,0.022117125491757043,0.08751378688853104,0.09026533185885573,0.01565647757512452,0.07619801378277911,0.08046526781170617,0.07531327281780655,0.13389036071759497,0.152506291459786,0.21995515164463794,25.833774483853887,68.44891476971942,99.47061937533086,100.0,1889
test,10lup2_trilat_gt,P4_to_P1,EKF + LSTM + trajectory constraint,False,0.022117125491757043,0.08751378688853104,0.09026533185885573,0.01565647757512452,0.07619801378277911,0.08046526781170617,0.07531327281780655,0.13389036071759497,0.152506291459786,0.21995515164463794,25.833774483853887,68.44891476971942,99.47061937533086,100.0,1889
