pattern,model,rmse_cm,mae_cm,below10,below20
Pola L,Raw trilateration,22.688235277600093,19.60100943151365,24.52393206381884,51.53113741636645
Pola L,EKF only,42.13892680398412,19.79986650956796,41.353576942871854,69.98198661863098
Pola L,EKF + LSTM residual,39.417874201913165,15.76303708076455,48.044261451363866,90.13124034997426
Pola L,EKF + LSTM + raw fallback,12.887499631046321,10.98141988041128,48.73906330416881,91.23777663407104
Pola L,EKF + LSTM + trajectory constraint,12.61921900529385,10.3850814180159,51.338136901698405,91.9197117858981
Segitiga,EKF only,13.688827774395552,11.56640323201495,50.02841716396704,84.7257743677181
Segitiga,EKF + LSTM residual,13.18224240023797,10.47162796859655,58.51094060812731,85.1094060812731
Segitiga,EKF + LSTM + raw fallback,13.18224240023797,10.47162796859655,58.51094060812731,85.1094060812731
Segitiga,EKF + LSTM + trajectory constraint,13.04950114272086,10.17289887347261,59.54816709292413,85.25149190110827
